-- Insert sample tag categories
INSERT INTO taglib_category (id, name, description, sort_rank) VALUES
    ('fa000000-0000-0000-0000-000000000001', '技能标签', '人员技能相关标签分类', 'a0'),
    ('fa000000-0000-0000-0000-000000000002', '部门属性', '部门属性相关标签分类', 'b0'),
    ('fa000000-0000-0000-0000-000000000003', '组织标签', '组织/分组相关标签分类', 'c0')
ON CONFLICT (id) DO NOTHING;

-- Insert sample tags (技能标签分类下的树形结构)
INSERT INTO taglib_tag (id, name, category_id, parent_id, sort_rank) VALUES
    ('fb000000-0000-0000-0000-000000000001', '编程语言', 'fa000000-0000-0000-0000-000000000001', NULL, 'a0'),
    ('fb000000-0000-0000-0000-000000000002', 'Java', 'fa000000-0000-0000-0000-000000000001', 'fb000000-0000-0000-0000-000000000001', 'a0'),
    ('fb000000-0000-0000-0000-000000000003', 'Python', 'fa000000-0000-0000-0000-000000000001', 'fb000000-0000-0000-0000-000000000001', 'b0'),
    ('fb000000-0000-0000-0000-000000000004', 'Go', 'fa000000-0000-0000-0000-000000000001', 'fb000000-0000-0000-0000-000000000001', 'c0'),
    ('fb000000-0000-0000-0000-000000000005', '软技能', 'fa000000-0000-0000-0000-000000000001', NULL, 'b0'),
    ('fb000000-0000-0000-0000-000000000006', '沟通能力', 'fa000000-0000-0000-0000-000000000001', 'fb000000-0000-0000-0000-000000000005', 'a0'),
    ('fb000000-0000-0000-0000-000000000007', '团队协作', 'fa000000-0000-0000-0000-000000000001', 'fb000000-0000-0000-0000-000000000005', 'b0')
ON CONFLICT (id) DO NOTHING;

-- Insert sample tags (部门属性分类)
INSERT INTO taglib_tag (id, name, category_id, parent_id, sort_rank) VALUES
    ('fb000000-0000-0000-0000-000000000010', '核心部门', 'fa000000-0000-0000-0000-000000000002', NULL, 'a0'),
    ('fb000000-0000-0000-0000-000000000011', '支撑部门', 'fa000000-0000-0000-0000-000000000002', NULL, 'b0')
ON CONFLICT (id) DO NOTHING;

-- Insert sample tag relations
INSERT INTO taglib_tag_relation (id, object_type, object_id, tag_id) VALUES
    ('fc000000-0000-0000-0000-000000000001', 'PERSONNEL', '55555555-5555-5555-5555-555555555555', 'fb000000-0000-0000-0000-000000000002'),
    ('fc000000-0000-0000-0000-000000000002', 'PERSONNEL', '55555555-5555-5555-5555-555555555555', 'fb000000-0000-0000-0000-000000000006'),
    ('fc000000-0000-0000-0000-000000000003', 'DEPARTMENT', '22222222-2222-2222-2222-222222222222', 'fb000000-0000-0000-0000-000000000010')
ON CONFLICT (id) DO NOTHING;
